{
  "temp_mae": 0.4859758768437883,
  "rain_accuracy": 0.9982174688057041,
  "n_samples": 561,
  "n_features": 275,
  "trained_at": "2026-05-18T14:45:39.353223",
  "horizons": [
    0,
    1,
    2
  ]
}