{
  "temp_mae": 0.568307998124654,
  "rain_accuracy": 0.983249581239531,
  "n_samples": 597,
  "n_features": 275,
  "trained_at": "2026-05-30T10:20:21.339919",
  "horizons": [
    0,
    1,
    2
  ]
}