{
  "temp_mae": 0.49325197209908755,
  "rain_accuracy": 0.9947916666666666,
  "n_samples": 576,
  "n_features": 275,
  "trained_at": "2026-05-23T09:26:03.499721",
  "horizons": [
    0,
    1,
    2
  ]
}