{
  "temp_mae": 0.49804651745499373,
  "rain_accuracy": 0.9947089947089947,
  "n_samples": 567,
  "n_features": 275,
  "trained_at": "2026-05-20T12:12:17.264633",
  "horizons": [
    0,
    1,
    2
  ]
}