{
  "temp_mae": 0.5521784526039344,
  "rain_accuracy": 0.9829931972789115,
  "n_samples": 588,
  "n_features": 275,
  "trained_at": "2026-05-27T14:42:46.223402",
  "horizons": [
    0,
    1,
    2
  ]
}