{
  "temp_mae": 0.5623921543543116,
  "rain_accuracy": 0.9847715736040609,
  "n_samples": 591,
  "n_features": 275,
  "trained_at": "2026-05-28T14:55:38.143793",
  "horizons": [
    0,
    1,
    2
  ]
}