{
  "temp_mae": 0.5689288601263625,
  "rain_accuracy": 0.9829059829059829,
  "n_samples": 585,
  "n_features": 275,
  "trained_at": "2026-05-26T12:49:45.204908",
  "horizons": [
    0,
    1,
    2
  ]
}