{
  "temp_mae": 0.4820787023181727,
  "rain_accuracy": 0.994535519125683,
  "n_samples": 549,
  "n_features": 275,
  "trained_at": "2026-05-14T01:01:04.879009",
  "horizons": [
    0,
    1,
    2
  ]
}