{
  "temp_mae": 0.5618117087752714,
  "rain_accuracy": 0.9829931972789115,
  "n_samples": 588,
  "n_features": 275,
  "trained_at": "2026-05-27T01:01:05.217634",
  "horizons": [
    0,
    1,
    2
  ]
}