{
  "temp_mae": 0.48973607340889036,
  "rain_accuracy": 0.9965457685664939,
  "n_samples": 579,
  "n_features": 275,
  "trained_at": "2026-05-24T07:05:36.147354",
  "horizons": [
    0,
    1,
    2
  ]
}