{
  "temp_mae": 0.4732737142185971,
  "rain_accuracy": 1.0,
  "n_samples": 534,
  "n_features": 275,
  "trained_at": "2026-05-09T04:53:20.680850",
  "horizons": [
    0,
    1,
    2
  ]
}