{
  "temp_mae": 0.5497291282069712,
  "rain_accuracy": 0.9686468646864687,
  "n_samples": 606,
  "n_features": 275,
  "trained_at": "2026-06-02T18:11:36.360145",
  "horizons": [
    0,
    1,
    2
  ]
}