{
  "temp_mae": 0.5601814637368185,
  "rain_accuracy": 0.9845360824742269,
  "n_samples": 582,
  "n_features": 275,
  "trained_at": "2026-05-25T14:18:18.591124",
  "horizons": [
    0,
    1,
    2
  ]
}