{
  "temp_mae": 0.48754298092555204,
  "rain_accuracy": 0.9945054945054945,
  "n_samples": 546,
  "n_features": 275,
  "trained_at": "2026-05-13T11:37:51.386638",
  "horizons": [
    0,
    1,
    2
  ]
}