{
  "temp_mae": 0.5610308665656909,
  "rain_accuracy": 0.9882154882154882,
  "n_samples": 594,
  "n_features": 275,
  "trained_at": "2026-05-29T14:15:56.584703",
  "horizons": [
    0,
    1,
    2
  ]
}