{
  "temp_mae": 0.47894505882269245,
  "rain_accuracy": 1.0,
  "n_samples": 537,
  "n_features": 275,
  "trained_at": "2026-05-10T15:19:46.263026",
  "horizons": [
    0,
    1,
    2
  ]
}