{
  "temp_mae": 0.5646630667925824,
  "rain_accuracy": 0.9845360824742269,
  "n_samples": 582,
  "n_features": 275,
  "trained_at": "2026-05-25T07:24:53.828759",
  "horizons": [
    0,
    1,
    2
  ]
}