{
  "temp_mae": 0.47576193970257835,
  "rain_accuracy": 1.0,
  "n_samples": 525,
  "n_features": 275,
  "trained_at": "2026-05-07T06:42:48.142854",
  "horizons": [
    0,
    1,
    2
  ]
}