{
  "temp_mae": 0.48573951349224076,
  "rain_accuracy": 0.9946524064171123,
  "n_samples": 561,
  "n_features": 275,
  "trained_at": "2026-05-18T01:01:04.488944",
  "horizons": [
    0,
    1,
    2
  ]
}