{
  "temp_mae": 0.4978361040286606,
  "rain_accuracy": 0.9965095986038395,
  "n_samples": 573,
  "n_features": 275,
  "trained_at": "2026-05-22T12:07:32.244600",
  "horizons": [
    0,
    1,
    2
  ]
}