{
  "temp_mae": 0.4789355533930803,
  "rain_accuracy": 0.9907407407407407,
  "n_samples": 540,
  "n_features": 275,
  "trained_at": "2026-05-11T06:48:46.697074",
  "horizons": [
    0,
    1,
    2
  ]
}