{
  "temp_mae": 0.5563453200166723,
  "rain_accuracy": 0.9864636209813875,
  "n_samples": 591,
  "n_features": 275,
  "trained_at": "2026-05-28T01:01:12.208622",
  "horizons": [
    0,
    1,
    2
  ]
}