{
  "temp_mae": 0.478326420826055,
  "rain_accuracy": 0.9981060606060606,
  "n_samples": 528,
  "n_features": 275,
  "trained_at": "2026-05-08T08:15:28.396104",
  "horizons": [
    0,
    1,
    2
  ]
}