{
  "temp_mae": 0.560082424399983,
  "rain_accuracy": 0.99,
  "n_samples": 600,
  "n_features": 275,
  "trained_at": "2026-05-31T10:33:03.629361",
  "horizons": [
    0,
    1,
    2
  ]
}