{
  "temp_mae": 0.4822311955725399,
  "rain_accuracy": 0.9981884057971014,
  "n_samples": 552,
  "n_features": 275,
  "trained_at": "2026-05-15T11:31:00.404591",
  "horizons": [
    0,
    1,
    2
  ]
}