{
  "temp_mae": 0.5684271937593393,
  "rain_accuracy": 0.9707317073170731,
  "n_samples": 615,
  "n_features": 275,
  "trained_at": "2026-06-20T06:57:11.918201",
  "horizons": [
    0,
    1,
    2
  ]
}