{
  "temp_mae": 0.5578567855639409,
  "rain_accuracy": 0.978441127694859,
  "n_samples": 603,
  "n_features": 275,
  "trained_at": "2026-06-01T20:04:11.243135",
  "horizons": [
    0,
    1,
    2
  ]
}