{
  "temp_mae": 0.5655797423085615,
  "rain_accuracy": 0.99,
  "n_samples": 600,
  "n_features": 275,
  "trained_at": "2026-05-31T01:01:03.013544",
  "horizons": [
    0,
    1,
    2
  ]
}