{
  "temp_mae": 0.4789381667954963,
  "rain_accuracy": 1.0,
  "n_samples": 522,
  "n_features": 275,
  "trained_at": "2026-05-05T09:32:45.858966",
  "horizons": [
    0,
    1,
    2
  ]
}