{
  "temp_mae": 0.5632556128617445,
  "rain_accuracy": 0.9846153846153847,
  "n_samples": 585,
  "n_features": 275,
  "trained_at": "2026-05-26T01:01:05.274656",
  "horizons": [
    0,
    1,
    2
  ]
}