{
  "temp_mae": 0.5575064721879046,
  "rain_accuracy": 0.9810017271157168,
  "n_samples": 579,
  "n_features": 275,
  "trained_at": "2026-05-24T09:33:26.683529",
  "horizons": [
    0,
    1,
    2
  ]
}