{
  "temp_mae": 0.5589953762353386,
  "rain_accuracy": 0.9848484848484849,
  "n_samples": 594,
  "n_features": 275,
  "trained_at": "2026-05-29T01:01:06.333811",
  "horizons": [
    0,
    1,
    2
  ]
}