{
  "temp_mae": 0.48792235058348205,
  "rain_accuracy": 0.9945945945945946,
  "n_samples": 555,
  "n_features": 275,
  "trained_at": "2026-05-16T01:01:03.502310",
  "horizons": [
    0,
    1,
    2
  ]
}