{
  "temp_mae": 0.4793127516612045,
  "rain_accuracy": 0.9907407407407407,
  "n_samples": 540,
  "n_features": 275,
  "trained_at": "2026-05-11T13:34:36.131705",
  "horizons": [
    0,
    1,
    2
  ]
}