{
  "temp_mae": 0.5575256944370156,
  "rain_accuracy": 0.9738562091503268,
  "n_samples": 612,
  "n_features": 275,
  "trained_at": "2026-06-04T07:20:19.558927",
  "horizons": [
    0,
    1,
    2
  ]
}