{
  "temp_mae": 0.5520269740723226,
  "rain_accuracy": 0.9705882352941176,
  "n_samples": 612,
  "n_features": 275,
  "trained_at": "2026-06-05T01:01:10.848563",
  "horizons": [
    0,
    1,
    2
  ]
}