{
  "temp_mae": 0.5676076037520451,
  "rain_accuracy": 0.8654970760233918,
  "n_samples": 513,
  "n_features": 292,
  "trained_at": "2026-05-04T14:58:11.841715",
  "horizons": [
    0,
    1,
    2
  ],
  "seasonal_features": true,
  "seasonal_normals": {
    "0": {
      "temp": 3.2899999999999996,
      "pressure": 1002.8266666666666,
      "temp_std": 3.3566534259917606
    },
    "1": {
      "temp": 9.950793650793651,
      "pressure": 1009.5301587301586,
      "temp_std": 3.9193404456424266
    },
    "2": {
      "temp": 21.814814814814813,
      "pressure": 1007.788888888889,
      "temp_std": 3.601820908178991
    },
    "3": {
      "temp": 10.53956043956044,
      "pressure": 1007.8989010989011,
      "temp_std": 5.056534867053887
    }
  }
}