{
  "temp_mae": 0.48546796557748206,
  "rain_accuracy": 0.9945054945054945,
  "n_samples": 546,
  "n_features": 275,
  "trained_at": "2026-05-13T07:27:46.982407",
  "horizons": [
    0,
    1,
    2
  ]
}