{
  "temp_mae": 0.5615633140990953,
  "rain_accuracy": 0.9689542483660131,
  "n_samples": 612,
  "n_features": 275,
  "trained_at": "2026-06-04T01:01:06.423215",
  "horizons": [
    0,
    1,
    2
  ]
}