{
  "temp_mae": 0.48873151320685526,
  "rain_accuracy": 0.989247311827957,
  "n_samples": 558,
  "n_features": 275,
  "trained_at": "2026-05-17T09:23:04.463814",
  "horizons": [
    0,
    1,
    2
  ]
}