{
  "temp_mae": 0.5684271937593393,
  "rain_accuracy": 0.9707317073170731,
  "n_samples": 615,
  "n_features": 275,
  "trained_at": "2026-07-22T01:01:27.557809",
  "horizons": [
    0,
    1,
    2
  ]
}