{
  "temp_mae": 0.49206623323988685,
  "rain_accuracy": 0.9947089947089947,
  "n_samples": 567,
  "n_features": 275,
  "trained_at": "2026-05-20T01:01:03.920316",
  "horizons": [
    0,
    1,
    2
  ]
}