{
  "temp_mae": 0.5714522670791211,
  "rain_accuracy": 0.983249581239531,
  "n_samples": 597,
  "n_features": 275,
  "trained_at": "2026-05-30T01:01:07.555453",
  "horizons": [
    0,
    1,
    2
  ]
}