{
  "temp_mae": 0.5619788233349446,
  "rain_accuracy": 0.9688013136288999,
  "n_samples": 609,
  "n_features": 275,
  "trained_at": "2026-06-03T01:01:03.765922",
  "horizons": [
    0,
    1,
    2
  ]
}