{
  "temp_mae": 0.48456641327908,
  "rain_accuracy": 0.9964539007092199,
  "n_samples": 564,
  "n_features": 275,
  "trained_at": "2026-05-19T14:06:09.054449",
  "horizons": [
    0,
    1,
    2
  ]
}