{
  "temp_mae": 0.5549860483538834,
  "rain_accuracy": 0.971947194719472,
  "n_samples": 606,
  "n_features": 275,
  "trained_at": "2026-06-02T01:01:03.949231",
  "horizons": [
    0,
    1,
    2
  ]
}