{
  "temp_mae": 0.4836822995688143,
  "rain_accuracy": 0.994535519125683,
  "n_samples": 549,
  "n_features": 275,
  "trained_at": "2026-05-14T11:20:53.745750",
  "horizons": [
    0,
    1,
    2
  ]
}