{
  "temp_mae": 0.5692159832563604,
  "rain_accuracy": 0.9671592775041051,
  "n_samples": 609,
  "n_features": 275,
  "trained_at": "2026-06-03T08:11:17.501098",
  "horizons": [
    0,
    1,
    2
  ]
}