{
  "temp_mae": 0.48809505613550963,
  "rain_accuracy": 0.9945945945945946,
  "n_samples": 555,
  "n_features": 275,
  "trained_at": "2026-05-16T09:14:11.855724",
  "horizons": [
    0,
    1,
    2
  ]
}